Name,Address,Rating,Reviews,Price (USD),Price (Pounds)
Alhambra Hotel,Camden,7.7,4293,76,60.8
St. David's Hotels Paddington,Westminster,7.8,1057,87,69.6
Central Hotel,Camden,7.8,4907,94,75.2
Swinton Hotel,Camden,7.5,5405,80,64
Crestfield Hotel,Camden,7.8,6470,89,71.2
The Chapter - Hyde Park Hotel,Westminster,7,93,100,80
Chelsea House Hotel - B&B,Kensington and Chelsea,7.6,3704,104,83.2
Kensington Gardens Hotel,Westminster,8.1,1771,99,79.2
Belvedere Hotel,Westminster,6.9,3727,97,77.6
The Melville Hotel by Rokxy- Kings Cross,Camden,6.9,2583,105,84
Angus Hotel,Camden,7.7,3732,79,63.2
BOKA Earls Court,Kensington and Chelsea,5.8,923,49,39.2
Bower House,Westminster,8.2,1176,89,71.2
Fountain Hotel,Haringey,7.3,1942,112,89.6
Leisure Inn Hotel,Westminster,6.1,1119,61,48.8
St Athans Hotel,Camden,7.4,2373,87,69.6
Arriva Hotel,Camden,6.7,5892,77,61.6
Columbus Hotel,Westminster,7.3,1346,116,92.8
Tony's House Hotel,Westminster,6.1,1819,77,61.6
St Simeon,Kensington and Chelsea,7.9,2042,100,80
Homefield Lodge,Brent,8.1,962,59,47.2
Elmwood Hotel,Camden,6,2288,67,53.6
Seymour Hotel,Westminster,5.3,1426,60,48
Viking Hotel,Newham,7.7,1836,75,60
The Chapter - Mayfair Residences,Westminster,8.1,221,200,160
Fairway Hotel,Camden,7.7,2384,94,75.2
Avonmore Hotel,Camden,7.2,1849,135,108
YHA London Thameside,Southwark,8.3,1277,30,24
Earls Court Garden Hotel,Kensington and Chelsea,4.1,2499,56,44.8
Wardonia Hotel Kings Cross,Camden,6.8,2971,94,75.2
Balmoral House Hotel,Westminster,7.4,1535,113,90.4
The Paramount Hotel,Kensington and Chelsea,7,3641,69,55.2
Albro House Hotel,Westminster,7.7,1246,84,67.2
St George Hotel,Westminster,5,2418,75,60
Manor Hotel,Kensington and Chelsea,5.6,1443,52,41.6
Ridgemount Hotel,Camden,8.6,3047,172,137.6
Dover Hotel - B&B,Westminster,7,3254,95,76
The Beverley House Hotel,Westminster,7.4,3016,144,115.2
Marble Arch Inn,Westminster,7.1,2517,69,55.2
Amsterdam Hotel,Kensington and Chelsea,5.4,724,59,47.2
Hyde Park Court Hotel,Westminster,5.5,1469,65,52
Kings Cross Hotel London,Camden,6,1956,78,62.4
London Olympus Hotel Nirvana,Newham,7.1,1047,80,64
Enrico Hotel,Westminster,5.9,1610,69,55.2
Somerset Hotel Baker Street London,Westminster,5.4,559,67,53.6
The Park Hotel,Westminster,5.2,1848,72,57.6
Wedgewood Hotel,Westminster,5.9,3506,53,42.4
easyHotel Paddington,Westminster,5,2015,58,46.4
Avon Hotel,Westminster,6.7,1982,149,119.2
Lords Hotel,Westminster,6.8,5339,86,68.8
Plaza Hotel,Hammersmith and Fulham,6.5,1128,80,64
Brick lane stay,Tower Hamlets,4.9,1009,54,43.2
StayInn Trafalgar Square,Westminster,5.8,422,145,116
West Cromwell Hotel,Kensington and Chelsea,7,1907,77,61.6
Four Stars Hotel,Westminster,5.1,1653,79,63.2
ND Hotel - Hyde Park,Westminster,5.1,1374,75,60
The Brompton Hotel,Kensington and Chelsea,6,1076,76,60.8
StayInn Soho Apartments,Westminster,6,484,126,100.8
Duke and Duchess Apartments and Rooms - Private in Room Hot Tub Suites,Islington,6.2,674,95,76
The Marker Hotel,Camden,7.6,15,128,102.4
City Inn Express Hotel,Hackney,6.5,63,100,80
The Long Room Hotel and Bar,Wandsworth,6.3,850,79,63.2
Palace Court Hotel,Kensington and Chelsea,5.2,2887,61,48.8
St George's Hotel,Westminster,6.2,4261,102,81.6
Classic Hyde Park Hotel,Westminster,7.1,1482,89,71.2
City View Hotel Stratford,Newham,4.5,856,80,64
Beaconsfield Hotel,Haringey,5.7,1642,88,70.4
City View Hotel Roman Road,Tower Hamlets,3.9,690,59,47.2
WNS Apartments Canary Wharf,Tower Hamlets,5.7,719,89,71.2
Hotel Lily,Hammersmith and Fulham,4.3,2691,79,63.2
Onefam Notting Hill,Kensington and Chelsea,8.5,1765,115,92
The Grapevine Hotel,Westminster,4.5,1541,75,60
Stanley House Hotel,Westminster,6.1,2104,104,83.2
Holland Inn Hotel,Kensington and Chelsea,5.1,1131,81,64.8
Hotel 261,Hammersmith and Fulham,6.4,1622,81,64.8
Kensal Green Backpackers 2,Brent,5.4,2361,48,38.4
Hour Glass Hotel,Southwark,6.9,1390,80,64
Charlie Hotel,Islington,5.8,2005,111,88.8
Hotel Citystay,Tower Hamlets,5.5,890,65,52
London Olympus Hotel,Newham,6.8,630,80,64
Forest Gate Hotel - Free Parking limited spaces,Newham,4.4,635,62,49.6
City View Hotel - Roman Road Market,Tower Hamlets,4.5,451,57,45.6
L S Hotel,Haringey,5.8,5,94,75.2
The Z Hotel Holborn,Camden,8.1,16924,60,48
The Z Hotel Covent Garden,Westminster,8.1,10445,65,52
The Z Hotel Piccadilly,Westminster,7.9,10245,65,52
The Z Hotel Soho,Westminster,7.5,7016,70,56
The Z Hotel Tottenham Court Road,Westminster,8,9816,65,52
ibis Styles London Gloucester Road,Kensington and Chelsea,7.9,3187,81,64.8
The Z Hotel Gloucester Place,Westminster,7.9,6292,60,48
The Z Hotel Trafalgar,Westminster,8.4,13758,75,60
Hampton by Hilton London Waterloo,Lambeth,8.2,6357,125,100
The Z Hotel Strand,Westminster,8.4,12142,70,56
The Judd Hotel,Camden,7.3,3359,104,83.2
St Giles London – A St Giles Hotel,Camden,7,15102,94,75.2
The Montana Hotel,Kensington and Chelsea,7.8,6263,77,61.6
Four Points Flex by Sheraton London Euston,Camden,7.1,321,83,66.4
NOX Belsize Park,Camden,8.1,417,55,44
Royal National Hotel,Camden,7.5,10342,110,88
Tavistock Hotel,Camden,7.7,6174,105,84
The Z Hotel Victoria,Westminster,7.8,9153,80,64
President Hotel,Camden,7.5,4611,120,96
Point A Hotel London Kings Cross – St Pancras,Camden,7.9,5094,100,80
The Z Hotel Shoreditch,Islington,7.8,8172,55,44
Heeton Concept Hotel - Kensington London,Kensington and Chelsea,7.4,3081,74,59.2
Motel One London-Tower Hill,City of London,8.5,7568,119,95.2
City Inn Russell Square,Camden,6.7,1509,73,58.4
"Holiday Inn Express London Greenwich, an IHG Hotel",Greenwich,7.9,9186,80,64
Best Western Buckingham Palace Rd,Westminster,7.8,2296,124,99.2
"Holiday Inn Express Park Royal, an IHG Hotel",Ealing,8.1,3977,74,59.2
"Holiday Inn Express London Chingford, an IHG Hotel",Waltham Forest,7.2,2992,55,44
The Sanctuary House Hotel,Westminster,8.6,2159,170,136
ibis Styles London Southwark - near Borough Market,Southwark,8.6,4264,120,96
ibis London City - Shoreditch,Tower Hamlets,7.9,7164,85,68
"Holiday Inn Express Southwark, an IHG Hotel",Southwark,8.1,5476,95,76
Assembly Leicester Square,Westminster,7.9,6029,135,108
The Jade,Kensington and Chelsea,7.7,2117,74,59.2
Cheshire Hotel Central London,Westminster,6.7,2058,89,71.2
The California,Camden,7.7,4590,115,92
ibis London Canning Town,Newham,8.9,6576,84,67.2
The Brook Green Hotel,Hammersmith and Fulham,8.6,1198,109,87.2
Coronation Hotel,Kensington and Chelsea,6.7,942,69,55.2
The Z Hotel City,City of London,7.8,8953,65,52
"Holiday Inn Express London-Hammersmith, an IHG Hotel",Hammersmith and Fulham,8,8072,105,84
Stylotel,Westminster,7.8,3051,90,72
Hotel Edward Paddington,Westminster,7,3794,104,83.2
Wilson House - Camden,Camden,8.3,172,64,51.2
George Hotel,Camden,7.3,2691,99,79.2
Four Points Flex by Sheraton London Shoreditch East,Tower Hamlets,7.7,4818,98,78.4
"Holiday Inn Express London Limehouse, an IHG Hotel",Tower Hamlets,7.7,6255,79,63.2
Euston Square Hotel,Camden,7.5,3559,105,84
Sonder The Gilbert,Kensington and Chelsea,7.6,833,128,102.4
Sidney Hotel London-Victoria,Westminster,7.9,12632,105,84
Prince William Hotel,Westminster,7.4,412,80,64
Elysee Hyde Park,Westminster,7.2,1518,81,64.8
Argo Hotel - Kings Cross,Camden,7.7,1873,125,100
Keystone House,Islington,7.9,6106,88,70.4
"Sonder The Prince, Vauxhall",Lambeth,7.7,563,120,96
Point A Hotel London Canary Wharf,Tower Hamlets,8.2,5098,64,51.2
Euro Hotel,Camden,8,3895,170,136
Alexandra Hotel,Westminster,7,6435,80,64
The Nayland Hotel,Westminster,7.4,3422,71,56.8
Rhodes Hotel,Westminster,7.3,3013,84,67.2
Mentone Hotel,Camden,7.9,3392,108,86.4
Pembridge Palace Hotel,Westminster,8,10936,88,70.4
"Holiday Inn Express London - Wandsworth, an IHG Hotel",Wandsworth,7.7,4555,120,96
Staycity Aparthotels London Greenwich High Road,Greenwich,9,1881,89,71.2
ibis London Shepherds Bush - Hammersmith,Hammersmith and Fulham,7.9,2619,89,71.2
Days Inn Hyde Park,Westminster,7.6,1857,120,96
Best Western Chiswick Palace & Suites London,Hounslow,8.1,2885,80,64
ibis London Stratford,Newham,7.6,3271,67,53.6
The Tudor Inn Hotel,Westminster,7.2,407,99,79.2
Generator London,Camden,6.9,11661,67,53.6
Oxford Hotel,Kensington and Chelsea,8,2799,91,72.8
The Fox & Goose Hotel,Ealing,9.1,6652,103,82.4
Hampton by Hilton London Park Royal,Ealing,8.2,3976,84,67.2
Bedford Hotel,Camden,7.9,1399,150,120
Lidos Hotel,Westminster,7.8,494,88,70.4
Parkwood Hotel,Westminster,7.5,2211,125,100
"Holiday Inn Express London - ExCel, an IHG Hotel",Newham,8.1,5407,81,64.8
The Royale Chulan Hyde Park Hotel,Westminster,7.5,3668,78,62.4
"Holiday Inn Express Royal Docks, an IHG Hotel",Newham,7.8,6130,79,63.2
Sonder The Voyage,Westminster,7.7,764,129,103.2
Athena Hotel,Westminster,7.9,1448,95,76
Best Western Northfields Ealing Hotel,Ealing,8,3676,70,56
Mowbray Court Hotel,Kensington and Chelsea,7.4,2646,83,66.4
West End Lane II,Camden,8,907,89,71.2
Astor Court Hotel,Westminster,8.3,5788,178,142.4
Central Park Hotel,Westminster,6.6,17765,79,63.2
Hampton By Hilton London Docklands,Newham,8.3,5985,87,69.6
The Eaton Townhouse,Westminster,7.5,1097,95,76
"Holiday Inn Express London Victoria, an IHG Hotel",Westminster,7.7,1534,123,98.4
The Chapter - Griffin House Hotel,Westminster,7.7,983,95,76
ibis London Blackfriars,Southwark,7.9,6529,99,79.2
"Holiday Inn Express London Stratford, an IHG Hotel",Newham,8.4,8134,65,52
Best Western Corona Hotel,Westminster,7.4,2994,101,80.8
Ascot Hyde Park Hotel,Westminster,5.7,3828,62,49.6
Clink261 Hostel,Camden,7.3,7775,69,55.2
Maiden Oval,Lambeth,7.5,2140,77,61.6
Victoria Studios,Brent,7.9,2047,69,55.2
The Windmill On The Common,Lambeth,8.4,977,129,103.2
London Lodge Hotel,Kensington and Chelsea,8.3,1729,127,101.6
St George's Inn Victoria,Westminster,6.8,3024,99,79.2
Trebovir Hotel,Kensington and Chelsea,7.5,3629,128,102.4
Kensington Rooms - Philbeach Gardens,Kensington and Chelsea,7.9,963,101,80.8
ibis London Greenwich,Greenwich,7.7,2331,67,53.6
Eurotraveller Hotel - Premier - Tower Bridge,Southwark,7.6,4045,113,90.4
Eurotraveller Hotel- Express (Elephant & Castle),Southwark,7.9,855,132,105.6
The Pack And Carriage London,Camden,7.5,2236,108,86.4
Comfort Inn Victoria,Westminster,7.6,2608,111,88.8
The Columbia,Westminster,7.3,4974,95,76
Kensington Court Hotel - Earls Court,Kensington and Chelsea,7.8,1703,233,186.4
Lancaster Hall Hotel,Westminster,8,2457,110,88
The Melita,Westminster,8.3,1274,143,114.4
Zedwell Greenwich,Greenwich,7.3,2006,81,64.8
Blue Bells Hotel,Kensington and Chelsea,7.6,3549,139,111.2
ibis London Wembley,Brent,7.9,7191,61,48.8
Saba Rooms And Apartments,Hammersmith and Fulham,6.9,159,89,71.2
ibis London Docklands Canary Wharf,Tower Hamlets,7.7,4203,76,60.8
Best Western London Highbury,Hackney,7.7,2784,77,61.6
Chelsea Guest House,Lambeth,7.9,3840,84,67.2
Queens Park Hotel,Westminster,5.8,7369,89,71.2
Troy Hotel,Westminster,7.6,2547,110,88
"Hotel DC, Stratford",Newham,8.1,3080,54,43.2
Hampton By Hilton London Old Street,Hackney,8.1,917,101,80.8
Sapphire Hotel London,Hammersmith and Fulham,6.1,2140,48,38.4
Point A Hotel London Shoreditch,Hackney,7.7,6430,96,76.8
The Chapter - The J Hyde Park Hotel,Westminster,7.2,128,95,76
Morgan Hotel,Camden,7.3,2358,153,122.4
KingswayPark Hotel at Park Avenue,Westminster,7.1,1589,98,78.4
Victoria Inn London,Westminster,7.2,2533,99,79.2
Paddington Park Hotel,Westminster,7.8,3687,125,100
Sonder Kensington Gardens,Kensington and Chelsea,7.9,1152,150,120
City Gate Guest House,Tower Hamlets,7.5,1019,55,44
Kensington Rooms - Warwick Road,Kensington and Chelsea,7.7,725,98,78.4
"Huttons Hotel, Victoria London",Westminster,7,2598,121,96.8
Thistle London Bloomsbury Park,Camden,6.9,1802,135,108
Central Hoxton Shoreditch,Hackney,7.6,3202,90,72
ibis London Earls Court,Hammersmith and Fulham,7.7,6872,91,72.8
Kings Cross Inn Hotel,Camden,6.6,7866,85,68
The Beverley Hotel London - Victoria,Westminster,7.6,1271,107,85.6
Luna And Simone Hotel,Westminster,8.6,3704,151,120.8
The Rokxy Townhouse - Kings Cross,Camden,8.4,929,210,168
Rose And Crown Hotel,Merton,9.1,330,129,103.2
The Villa Kensington,Kensington and Chelsea,7.3,2043,111,88.8
Kabannas London St Pancras,Camden,7.9,6877,119,95.2
Point A Hotel London Paddington,Westminster,8,6533,108,86.4
Marylebone Inn,Westminster,8.2,3085,193,154.4
Best Western Plus Delmere Hotel,Westminster,8.3,2449,93,74.4
Point A Kensington Olympia,Kensington and Chelsea,7.8,4326,88,70.4
Bob W London Olympia,Kensington and Chelsea,8.3,24,91,72.8
Quality Hotel Hampstead,Camden,8.1,2585,116,92.8
Hampstead Britannia,Camden,6.4,440,79,63.2
Pelican London Hotel and Residence,Wandsworth,7.7,2922,119,95.2
Leigh House Hotel,Camden,7.2,1895,90,72
Reem Hotel,Westminster,8.4,176,150,120
The Mad Hatter Hotel,Southwark,8.9,3433,157,125.6
Tudor Court Hotel,Westminster,7.5,2424,76,60.8
Star Hotel,Hammersmith and Fulham,8.4,2084,79,63.2
Rushmore Hotel,Kensington and Chelsea,7.1,1415,73,58.4
Bob W London Holland Park,Kensington and Chelsea,8.5,33,103,82.4
"Holiday Inn Express Earls Court, an IHG Hotel",Hammersmith and Fulham,8.1,5707,84,67.2
The Camden Town Hotel,Camden,7.9,852,137,109.6
Comfort Inn Hyde Park,Westminster,6.2,2054,80,64
Point A London Liverpool Street,Tower Hamlets,7.7,8292,100,80
London House Hotel,Westminster,7.8,2795,125,100
NOX West Hampstead,Camden,8,1232,63,50.4
Sheriff Hotel,Westminster,5.5,2322,62,49.6
ibis London Excel-Docklands,Newham,7.9,4031,84,67.2
1 Lexham Gardens Hotel,Kensington and Chelsea,6.2,3636,74,59.2
London Stay Apartments,Southwark,7.7,1452,86,68.8
Royal Eagle Hotel,Westminster,6.7,6799,91,72.8
Aspen Hotel,Westminster,7.5,1250,145,116
Arosfa Hotel London by Compass Hospitality,Camden,7.8,1390,135,108
Romany House Hotel,Westminster,7.9,186,90,72
95 Studios,Camden,7.4,117,62,49.6
Royal Park Hotel,Westminster,6.9,4422,72,57.6
London - Wembley International Hotel,Brent,6.6,5937,69,55.2
Antoinette Hotel Wimbledon,Merton,8.2,1779,94,75.2
Zedwell Underground Hotel Tottenham Court Rd,Camden,6.9,4466,105,84
Abbey Point Hotel,Brent,8.5,2683,78,62.4
Notting Hill Gate Hotel,Kensington and Chelsea,6.8,2348,61,48.8
Ivy House Hotel,Westminster,5.7,2225,72,57.6
Dog and Fox,Merton,8.6,473,119,95.2
Dreamtel London Kensington,Kensington and Chelsea,6.6,2111,101,80.8
Westbury Hotel Kensington,Kensington and Chelsea,7.8,3350,68,54.4
Vilenza Hotel,Tower Hamlets,7.3,2191,115,92
Mermaid Suite Hotel,Westminster,7.4,2835,96,76.8
StayInn Holborn,Camden,6.9,852,111,88.8
Charming En-Suite in London,Lewisham,6.8,244,50,40
Garden Court Hotel,Westminster,7.5,3334,122,97.6
The Darlington Hyde Park,Westminster,8.1,1556,161,128.8
StayInn Monument,City of London,6.7,1004,111,88.8
Linden House Hotel,Westminster,7,3615,65,52
The William,Brent,8.2,1427,115,92
City London Hotel,Southwark,7.5,2631,85,68
Kensington Stay,Kensington and Chelsea,7.4,678,107,85.6
Caring Hotel,Westminster,7.5,3070,146,116.8
StayInn Covent Garden,Westminster,6.8,528,134,107.2
Point A Hotel London Westminster,Lambeth,7.2,2814,104,83.2
Commodore Hotel,Westminster,7.7,4479,108,86.4
The Wellington Hotel,Lambeth,7.9,4171,152,121.6
Angel Townhouse,Islington,8,1095,126,100.8
Queens Hotel,Hackney,7,2355,147,117.6
Best Western Kensington Olympia Hotel,Hammersmith and Fulham,8.3,97,95,76
Mabledon Court Hotel,Camden,6.2,3885,85,68
Harlingford Hotel,Camden,7.9,1590,160,128
Dolphin Hotel,Westminster,6.8,1331,74,59.2
OYO London Guest House,Ealing,7.5,750,71,56.8
London Backpackers Youth Hostel,Barnet,7.5,2368,85,68
StayInn Farringdon,Islington,6.5,336,115,92
Lancaster Court Hotel,Westminster,6.6,201,75,60
Hotel 63,Westminster,8.2,1598,171,136.8
Apollo Hotel Kings Cross,Camden,6,1356,80,64
17 Hertford Street,Westminster,7.7,159,192,153.6
"Queensway Hotel, Sure Hotel Collection by Best Western",Westminster,7,2775,80,64
Shakespeare Hotel,Westminster,6.7,1677,78,62.4
Duke Of Leinster Hotel,Westminster,6.9,1552,96,76.8
The Gresham Hotel,Westminster,7.1,3656,87,69.6
Studio 48B,Brent,7,23,65,52
Dockside Hotel,Tower Hamlets,6.2,1538,65,52
The Clarendon Hotel,Lewisham,8.1,6141,124,99.2
Orchard Hotel,Westminster,6.9,2528,94,75.2
Hyde Park Boutique Hotel,Westminster,6.9,2922,99,79.2
Fox and Grapes,Merton,8.4,185,150,120
Woodman Pub,Merton,8,479,88,70.4
Berjaya Eden Park London Hotel,Westminster,5.8,2574,86,68.8
Royal Cambridge Hotel,Westminster,6,1231,69,55.2
Melbourne House Hotel,Westminster,8.3,1229,119,95.2
The 29 London,Westminster,7.4,1282,108,86.4
Vegas Hotel,Westminster,5.5,1566,77,61.6
NOX West End Lane I,Camden,7.1,409,58,46.4
Sino Hotel,Hammersmith and Fulham,5.3,885,51,40.8
Olympic House Hotel,Westminster,7.3,2541,105,84
Cromwell International Hotel,Kensington and Chelsea,4.9,6497,59,47.2
CitySpace Borough,Southwark,6.8,1029,98,78.4
Comfort Inn Edgware Road W2,Westminster,7.3,2326,76,60.8
The Captain Cook,Hammersmith and Fulham,8.5,806,88,70.4
Brunel Hotel,Westminster,7.2,1386,104,83.2
My Place Hotel,Kensington and Chelsea,6.2,1296,119,95.2
"OYO Townhouse New England, London Victoria",Westminster,7.1,2608,106,84.8
Thanet Hotel,Camden,4.9,1268,72,57.6
Oban Victoria Hotel,Westminster,4,45,66,52.8
Epsilon Hotel,Newham,7.4,4184,75,60
OYO Bakers Hotel London Victoria,Westminster,6.8,1831,114,91.2
Sonder Camden Road,Camden,8,2631,121,96.8
Blue Sapphire Hotel,Redbridge,7.9,1084,79,63.2
Hotel Olympia,Kensington and Chelsea,5,2668,50,40
OYO London Shelton Hotel,Haringey,6.3,172,71,56.8
Maitrise Hotel Maida Vale - London,Brent,6.4,2422,92,73.6
Ravna Gora,Kensington and Chelsea,8.1,2495,89,71.2
King Solomon Hotel- Golders Green,Barnet,6.1,2509,64,51.2
Admiral Hotel at Park Avenue,Westminster,6.9,1536,83,66.4
Putera Puteri Residence,Westminster,7.6,373,90,72
Berkley Apartments,Hackney,7.6,720,86,68.8
London Star Hotel,Ealing,7.3,225,64,51.2
Anchor Guest House,Barnet,6.4,3418,51,40.8
Arran House Hotel,Camden,6.7,3697,96,76.8
Boutique Ensuite Room like hotel,Wandsworth,6.2,320,75,60
Central Studio Like a Hotel Room,Islington,5.5,449,79,63.2
Belmont Hotel,Westminster,5.7,1186,79,63.2
Craven Hotel,Westminster,4.5,4012,71,56.8
The Ship Inn,Tower Hamlets,7.2,429,85,68
Regal Hotel,Barnet,7,13,120,96
Glendale Hyde Park Hotel,Westminster,6.3,1435,85,68
Garden View Hotel,Kensington and Chelsea,6.6,2010,74,59.2
PAVILION ROOMS AT NO. 26,Westminster,6.1,86,140,112
Oliver Hotel,Kensington and Chelsea,6.6,2448,95,76
ABC Hyde Park Hotel,Westminster,6.6,1767,88,70.4
Russell Square Hotel,Camden,4.6,389,66,52.8
The Lion & Key Hotel,Waltham Forest,8.1,685,107,85.6
G Eighty Four,Hackney,6.8,283,78,62.4
SureBillionaire Homes II,Greenwich,7.1,16,999,799.2
79 Chats,Brent,5.9,9,175,140
Kensington Prime Hotel,Kensington and Chelsea,8.1,838,150,120
Woodford Hotel,Redbridge,7.6,1039,77,61.6
Golders Park Hotel,Barnet,5.4,1186,55,44
Borough High Street Rooms,Southwark,7.5,91,98,78.4
Bridge Park Hotel,Brent,6.1,2747,67,53.6
Islington Inn,Islington,6.3,1085,93,74.4
OYO The Green Man Pub And Hotel,Brent,7.6,588,71,56.8
Plaza London Hotel,Tower Hamlets,5.6,1260,89,71.2
Hotel Unique,Barnet,7.7,694,81,64.8
Roseview Alexandra Palace Hotel,Haringey,6.7,1539,172,137.6
Studios next to Emirates Stadium,Islington,6.1,463,85,68
The Angerstein Hotel,Greenwich,7.6,1670,113,90.4
"OYO Abbey Hotel, London Shepherd's Bush Market",Hammersmith and Fulham,7.1,1056,192,153.6
Flexistay Aparthotel Tooting,Wandsworth,7.2,915,67,53.6
Messina Studios,Camden,7.4,1164,107,85.6
Pasha Hotel - 3* Boutique Hotel,Southwark,4.2,1884,78,62.4
"OYO The Arch, Wembly Stadium",Brent,7.4,1241,143,114.4
Boston Court Hotel,Westminster,5.3,796,93,74.4
Forest House Hotel,Haringey,8.1,1199,91,72.8
Rose Court Hotel,Westminster,5.1,1334,130,104
Flexistay Norbury Aparthotel,Croydon,6.9,607,58,46.4
Marble Arch Mews Apart'hotel,Westminster,5.8,122,149,119.2
Central Hotel Golders Green,Barnet,5.2,1200,114,91.2
Tower Bridge Road Rooms,Southwark,6,18,181,144.8
World Hotel,Brent,5.2,20,120,96
"The Tower Hotel, London",Tower Hamlets,7.7,21112,104,83.2
"The Hoxton, Southwark",Southwark,8.7,2101,189,151.2
"St. James' Court, A Taj Hotel, London",Westminster,8.5,5101,240,192
NOX Hyde Park,Westminster,8,2025,45,36
Park Plaza London Waterloo,Lambeth,8.3,14693,144,115.2
146 STUDIOS Marylebone,Westminster,7.3,2859,45,36
Rockwell East-Tower Bridge,Tower Hamlets,8.4,4108,90,72
Leonardo Royal Hotel London City - Tower of London,City of London,8.5,9127,162,129.6
CG Kensington,Kensington and Chelsea,8.1,2470,50,40
AMANO Covent Garden,Westminster,8.2,6523,165,132
"The Clermont London, Victoria",Westminster,8.7,6809,203,162.4
Blakemore Hyde Park,Westminster,8.3,12267,109,87.2
"The Cumberland, London",Westminster,8,7434,178,142.4
The Cavendish London,Westminster,8.1,3446,195,156
Riu Plaza London Victoria,Westminster,8.4,9469,142,113.6
Leonardo Royal London Tower Bridge,Tower Hamlets,8.3,11804,131,104.8
Signature Townhouse London Hyde Park,Westminster,7,4512,96,76.8
Thistle London Piccadilly,Westminster,7.9,2947,188,150.4
"The Westminster London, Curio Collection by Hilton",Westminster,8.3,7485,144,115.2
Hotel Saint London,City of London,8.6,5995,127,101.6
NOX Edgware Road,Westminster,8.1,3145,59,47.2
Fielding Hotel,Westminster,8.2,4126,131,104.8
Clayton Hotel City of London,Tower Hamlets,8.5,6265,119,95.2
"Radisson Blu Hotel, London Canary Wharf East",Tower Hamlets,8.7,9499,116,92.8
"The Hoxton, Holborn",Camden,8.4,1703,189,151.2
Wellington Hotel by Blue Orchid,Westminster,8.1,2785,107,85.6
citizenM Tower of London,City of London,8.6,8415,124,99.2
Park Plaza London Westminster Bridge,Lambeth,8.3,24394,184,147.2
Apex Temple Court Hotel,City of London,8.9,3729,194,155.2
DoubleTree by Hilton London - Hyde Park,Kensington and Chelsea,7.5,2308,127,101.6
"Radisson Blu Hotel, London South Kensington - formerly Vanderbilt",Kensington and Chelsea,7.4,5021,144,115.2
Victory House Leicester Square,Westminster,7.8,3960,190,152
NOX Waterloo,Lambeth,8.6,2670,79,63.2
"Mornington Hotel London Kensington, BW Premier Collection",Kensington and Chelsea,8,2081,81,64.8
Clayton Hotel Chiswick,Hounslow,8.4,4831,100,80
"Club Quarters Hotel Trafalgar Square, London",Westminster,8.2,5596,194,155.2
Clayton Hotel London Wall,City of London,8.9,1425,186,148.8
Novotel London West,Hammersmith and Fulham,7.5,5634,102,81.6
"Buckle Street Studios by Locke, Aldgate",Tower Hamlets,8.5,2023,76,60.8
"Holiday Inn London Kensington High St., an IHG Hotel",Kensington and Chelsea,7.3,10610,98,78.4
Mimi's Hotel Soho,Westminster,7.8,3799,143,114.4
The Westbridge Hotel Stratford,Newham,8.2,6223,76,60.8
Park Avenue J Hotel London Hyde Park,Westminster,8,1608,108,86.4
Bermondsey Square Hotel - A Bespoke Hotel,Southwark,7.9,3437,127,101.6
Sonder Chelsea Green,Kensington and Chelsea,7.8,2528,133,106.4
Locke at Broken Wharf,City of London,8.8,1209,117,93.6
Mercure London Paddington Hotel,Westminster,6.8,2356,129,103.2
Stamford Bridge Hotel London,Hammersmith and Fulham,7.7,5432,84,67.2
New Cavendish Street Serviced Apartments by StayPrime,Westminster,8,1608,94,75.2
Queens Park Premier London Hyde Park,Westminster,7.3,2836,97,77.6
Park International Hotel,Kensington and Chelsea,7.6,6203,90,72
citizenM London Victoria Station,Westminster,8.9,5342,144,115.2
Ruby Lucy Hotel London,Lambeth,8.8,2273,150,120
Ambassadors Bloomsbury,Camden,7.1,2209,127,101.6
City Sleeper at Royal National Hotel,Camden,8.2,3945,140,112
Park Plaza Victoria London,Westminster,8.3,6613,134,107.2
Citadines Trafalgar Square,Westminster,8,4513,153,122.4
Park Plaza London Riverbank,Lambeth,8.1,13788,149,119.2
The Grand at Trafalgar Square,Westminster,8.1,4818,194,155.2
Thistle London Trafalgar Square,Westminster,7.7,3136,165,132
Park Plaza County Hall London,Lambeth,8.6,11244,184,147.2
Residence Inn by Marriott London Kensington,Kensington and Chelsea,8,3036,134,107.2
The Prime London Hotel,Kensington and Chelsea,8.2,1752,72,57.6
Leonardo Royal London St Paul’s,City of London,8.6,13835,188,150.4
Rove Hotel London Paddington,Westminster,7.5,2902,99,79.2
DoubleTree by Hilton London Victoria,Westminster,7.7,3051,144,115.2
Hilton London Metropole,Westminster,7.6,6191,161,128.8
Maldron Hotel Shoreditch London,Hackney,8.4,397,161,128.8
The Gore London - Starhotels Collezione,Kensington and Chelsea,8.2,2056,174,139.2
nhow London,Islington,8.9,3626,125,100
The Chesterfield Mayfair,Westminster,9,3008,329,263.2
Sloane Square Hotel,Kensington and Chelsea,7.8,1947,210,168
The Westbourne Hyde Park,Westminster,8.4,4639,143,114.4
Hyde London City,City of London,8.3,76,170,136
The Resident Victoria,Westminster,9,2172,164,131.2
The Resident Soho,Westminster,8.9,1859,184,147.2
"Radisson Blu Hotel, London Bond Street",Westminster,7.6,4478,176,140.8
"Maldron Hotel Finsbury Park, London",Islington,8.5,2470,122,97.6
Mercure London Earls Court,Hammersmith and Fulham,8.2,199,107,85.6
ARK Canary Wharf,Tower Hamlets,7.3,2746,95,76
Pestana Chelsea Bridge Hotel & SPA,Wandsworth,8.3,5315,125,100
Novotel London Greenwich,Greenwich,7.6,4200,82,65.6
Hilton London Paddington,Westminster,7.5,3996,169,135.2
"The Hoxton, Shoreditch",Hackney,8.3,1747,179,143.2
Sunborn London Yacht Hotel,Newham,8.4,5678,143,114.4
Hilton London Wembley,Brent,8.5,7873,101,80.8
Marlin Apartments London City - Queen Street,City of London,7.9,1692,135,108
Georgian House Hotel,Westminster,8,1126,113,90.4
DoubleTree by Hilton London Angel Kings Cross,Islington,7.9,4864,128,102.4
Hilton London Kensington Hotel,Kensington and Chelsea,7,4458,101,80.8
55 by Le Mirage,Westminster,8.4,2721,114,91.2
The Lincoln Suites,Westminster,8.9,2653,168,134.4
The Whitechapel,Tower Hamlets,7.1,504,77,61.6
Marlin Waterloo,Lambeth,8.1,10815,125,100
London Bridge Hotel,Southwark,8.7,2540,192,153.6
Park Avenue Bayswater Inn Hyde Park,Westminster,7.2,7281,78,62.4
"Club Quarters Hotel Covent Garden Holborn, London",Camden,8.1,4054,184,147.2
Eccleston Square Hotel,Westminster,8.5,530,170,136
The Waldorf Hilton,Westminster,7.9,1794,212,169.6
Norfolk Towers Paddington,Westminster,7.7,9381,97,77.6
"The Royal Horseguards Hotel, London",Westminster,8.2,3537,195,156
"Park Plaza London, Park Royal",Ealing,8.5,8555,84,67.2
NOX Kensington Gardens,Westminster,8.6,1573,79,63.2
"Radisson Blu Hotel, London Euston Square - formerly Grafton",Camden,7.9,9470,141,112.8
"The Clermont London, Charing Cross",Westminster,8.7,3775,238,190.4
Aloft London Excel,Newham,8.4,5051,82,65.6
The Portico Hotel,Westminster,7.8,5692,108,86.4
Pullman London St Pancras,Camden,8.4,3638,167,133.6
Hyatt Place London City East,Tower Hamlets,8.4,4211,108,86.4
Ember Locke Kensington,Kensington and Chelsea,8.7,645,116,92.8
"Page8, Page Hotels",Westminster,9,4525,285,228
Mama Shelter London - Shoreditch,Tower Hamlets,8.4,2948,101,80.8
YOTEL London City,Islington,8,6654,108,86.4
Thistle London Park Lane,Westminster,7.6,1251,162,129.6
Strand Palace,Westminster,8.3,14859,184,147.2
Mornington Victor Hotel London Belgravia,Westminster,8,610,115,92
Mercure London Hyde Park Hotel,Westminster,7.8,1582,149,119.2
The Lodge Hotel - Putney,Wandsworth,8.6,2832,73,58.4
Oliver Plaza Hotel,Kensington and Chelsea,8.2,3723,96,76.8
Marlin Aldgate Tower Bridge,Tower Hamlets,7.9,1682,116,92.8
Henrietta Experimental,Westminster,8.9,710,268,214.4
Park Grand London Kensington,Kensington and Chelsea,7.7,9586,96,76.8
The Gate London City,Tower Hamlets,8.7,3361,151,120.8
Hilton London Tower Bridge,Southwark,8.7,2508,169,135.2
Canopy by Hilton London City,City of London,8.7,2470,170,136
Novotel London Canary Wharf,Tower Hamlets,8.4,4534,153,122.4
"The Hoxton, Shepherds Bush",Hammersmith and Fulham,8.9,2990,107,85.6
The Resident Kensington,Kensington and Chelsea,8.6,1255,110,88
DoubleTree by Hilton London Ealing,Ealing,7.8,2047,93,74.4
St Pancras Inn,Islington,7,1143,93,74.4
The House of Toby,Camden,7.5,6613,115,92
One Hundred Shoreditch,Hackney,8.7,6587,175,140
"Club Quarters Hotel London City, London",City of London,8.3,665,162,129.6
Fraser Suites Queens Gate,Kensington and Chelsea,7.5,1186,122,97.6
Hotel 55,Ealing,7.9,3783,81,64.8
Residence Inn by Marriott London Tower Bridge,Southwark,8,1627,127,101.6
Durrants Hotel,Westminster,8.2,1075,240,192
Byron Hotel,Westminster,8.3,4294,108,86.4
Wilde Aparthotels London Liverpool Street,Tower Hamlets,9.3,89,212,169.6
Thistle London Marble Arch,Westminster,7.4,8581,179,143.2
Hilton London Canary Wharf,Tower Hamlets,8.6,4098,161,128.8
Blandford Hotel,Westminster,7.5,2095,113,90.4
Wilde Aparthotels London Covent Garden,Westminster,9,3624,166,132.8
Gem Strathmore Hotel,Kensington and Chelsea,7.5,3113,121,96.8
Space ApartHotel,Westminster,7.9,1600,95,76
"Staybridge Suites London-Vauxhall, an IHG Hotel",Lambeth,9,1103,135,108
Morton Hotel,Camden,8.4,338,170,136
Hilton London Angel Islington,Islington,7.9,2353,152,121.6
"The Rathbone Hotel, Fitzrovia",Westminster,8.4,1468,179,143.2
"Lost Property St Pauls London, Curio Collection By Hilton",City of London,8.6,619,191,152.8
The Mandeville Hotel,Westminster,8.1,4131,223,178.4
Thistle London Hyde Park Kensington Gardens,Westminster,7.6,2857,140,112
Moxy London Stratford,Newham,8.2,5028,81,64.8
Regency Hotel Parkside,Westminster,7.9,1951,139,111.2
Aparthotel Adagio London Stratford,Newham,8.8,3690,78,62.4
Wilde Aparthotels London Paddington,Westminster,9.1,6012,171,136.8
"The Gantry London, Curio Collection By Hilton",Newham,8.7,3931,166,132.8
Moxy London Excel,Newham,8.2,3827,67,53.6
"Club Quarters Hotel St Paul's, London",City of London,8.3,1476,184,147.2
"Hotel Indigo London - 1 Leicester Square, an IHG Hotel",Westminster,7.7,1355,204,163.2
Dorsett Shepherds Bush London,Hammersmith and Fulham,7.7,5761,119,95.2
London Marriott Hotel Regents Park,Camden,8.3,3430,159,127.2
"Radisson Blu Hotel, London Bloomsbury",Camden,8.2,5538,264,211.2
DoubleTree by Hilton London – West End,Camden,7.4,2227,135,108
"Holiday Inn London - Regent's Park, an IHG Hotel",Westminster,8,5788,158,126.4
Gem Fitzrovia Hotel,Westminster,7.9,3801,132,105.6
"Hux Hotel, Kensington",Kensington and Chelsea,8.4,1312,157,125.6
Novotel London Paddington,Westminster,7.9,2896,150,120
Marlin Apartments London Bridge - Empire Square,Southwark,7.9,2061,129,103.2
The Goodenough Hotel London,Camden,8.1,3488,168,134.4
Gem Langham Court Hotel,Westminster,7.2,2857,132,105.6
Hilton London Hyde Park,Kensington and Chelsea,7.1,1103,150,120
39 Studios,Westminster,7.7,2771,77,61.6
Hilton London Euston,Camden,7.2,1886,152,121.6
The Park City Grand Plaza Kensington Hotel,Kensington and Chelsea,7.9,3308,115,92
Citadines South Kensington London,Kensington and Chelsea,8,1927,131,104.8
citizenM Southwark Bankside,Southwark,8.6,3845,120,96
MSK Elite,Westminster,8.1,4676,96,76.8
Ashburn Hotel,Kensington and Chelsea,8,2343,139,111.2
"Holiday Inn London Bloomsbury, an IHG Hotel",Camden,7.8,3608,154,123.2
Wilde Aparthotels London Aldgate Tower Bridge,Tower Hamlets,9,3668,127,101.6
Doubletree By Hilton London - Greenwich,Greenwich,8.2,2908,89,71.2
"Radisson Blu Hotel, London Tottenham Court Road - formerly Kenilworth",Camden,7.7,6171,181,144.8
The W14 Kensington,Hammersmith and Fulham,7.7,6307,90,72
DoubleTree by Hilton London Chelsea,Hammersmith and Fulham,8.2,1204,111,88.8
"Bermonds Locke, Tower Bridge",Southwark,8.8,1384,140,112
TRIBE London Canary Wharf,Tower Hamlets,8.5,4213,111,88.8
20 Hertford Street - Mayfair Apartments,Westminster,8.2,189,209,167.2
Treehouse Hotel London,Westminster,8.6,761,313,250.4
Merit Kensington Hotel,Kensington and Chelsea,8,6383,94,75.2
Danubius Hotel Regents Park,Westminster,8.2,4649,152,121.6
Hotel Xanadu,Ealing,8.4,2333,99,79.2
DoubleTree by Hilton London – Docklands Riverside,Southwark,7.8,7296,118,94.4
The Wesley Euston,Camden,7.3,3489,104,83.2
Earls Court East Serviced Apartments by StayPrime,Kensington and Chelsea,8.1,1730,89,71.2
Citadines Barbican London,Islington,8.4,2490,118,94.4
"Hotel Indigo London Hyde Park Paddington, an IHG Hotel",Westminster,7.5,697,144,115.2
Twenty Nevern Square Hotel,Kensington and Chelsea,7.8,2138,99,79.2
The Crescent Hyde Park,Westminster,8,2536,98,78.4
St George's Hotel - Wembley,Brent,7.2,3973,76,60.8
Dao by Dorsett West London,Hammersmith and Fulham,8.4,1580,129,103.2
Best Western Plus Vauxhall Hotel,Lambeth,7.5,1125,99,79.2
Residence Inn by Marriott London Bridge,Southwark,8.1,1020,132,105.6
London Marriott Maida Vale,Camden,8.2,2704,125,100
The Wesley Camden Town,Camden,8.4,1177,121,96.8
The Premier Notting Hill,Kensington and Chelsea,7.8,7134,97,77.6
London Marriott Hotel Kensington,Kensington and Chelsea,8,731,164,131.2
"The Dixon, Tower Bridge, Autograph Collection",Southwark,8.6,1027,203,162.4
Hyde Park International,Westminster,8.2,2404,125,100
Park Avenue Baker Street,Westminster,6.9,3896,96,76.8
Roomzzz London Stratford,Newham,8.7,678,92,73.6
Kingsland Locke,Hackney,8.6,1440,83,66.4
"Hotel Indigo London - Kensington, an IHG Hotel",Kensington and Chelsea,8.2,1627,134,107.2
"London Chigwell Prince Regent Hotel, BW Signature Collection",Redbridge,7.6,386,63,50.4
The Montague On The Gardens,Camden,9,2977,312,249.6
Grand Royale Hyde Park,Westminster,7,10446,135,108
NOX Paddington,Westminster,8.6,14,75,60
London Marriott Hotel Marble Arch,Westminster,7.3,1291,191,152.8
DoubleTree by Hilton Hotel London - Marble Arch,Westminster,7.2,772,152,121.6
Hilton London Olympia,Kensington and Chelsea,7.2,3588,144,115.2
Sloane Place,Kensington and Chelsea,8.5,1648,176,140.8
Best Western Mornington Hotel Hyde Park,Westminster,7.3,3214,115,92
citizenM London Shoreditch,Hackney,8.6,3456,151,120.8
Hyatt Regency London Stratford,Newham,8.6,3172,144,115.2
St Mark's - Merit Hotels,Kensington and Chelsea,8.3,65,85,68
"Crowne Plaza London Ealing, an IHG Hotel",Ealing,7.8,1972,84,67.2
Ten Manchester Street Hotel,Westminster,8.3,1069,194,155.2
Millennium Hotel and Conference Centre Gloucester London,Kensington and Chelsea,7.4,15211,124,99.2
"St. Ermin's Hotel, Autograph Collection",Westminster,9,929,288,230.4
K Hotel Kensington,Kensington and Chelsea,7.8,5667,87,69.6
"The Windermere Hotel, London",Westminster,8.6,2185,194,155.2
Holmes Hotel London,Westminster,8.6,2041,194,155.2
Good Hotel London,Newham,8,3278,100,80
The Rockwell,Kensington and Chelsea,8.2,4066,100,80
The Lansbury Heritage A Sunday Hotel - Canary Wharf,Tower Hamlets,8.6,2369,108,86.4
Novotel London Blackfriars,Southwark,8.3,3582,162,129.6
Heeton Concept Hotel – Luma Hammersmith,Hammersmith and Fulham,7.8,3155,84,67.2
Earls Court West Serviced Apartments by Concept Apartments,Kensington and Chelsea,8.1,1808,103,82.4
The Beaufort,Kensington and Chelsea,7.5,2273,171,136.8
The Drayton Court Hotel,Ealing,8.8,2330,98,78.4
King's Cross Express Inn,Islington,7,1203,100,80
Melia White House Hotel,Camden,7.8,2390,169,135.2
Palmers Lodge Swiss Cottage,Camden,8.2,4487,40,32
Hyatt Regency London Albert Embankment,Lambeth,8.4,1316,175,140
Marlin Canary Wharf,Tower Hamlets,8.2,403,134,107.2
Hackney Suites - En-suite rooms & amenities,Hackney,8.6,541,84,67.2
Mornington Hotel London Victoria,Westminster,7.6,894,98,78.4
W12 Rooms,Hammersmith and Fulham,8.1,1774,80,64
The Other House South Kensington,Kensington and Chelsea,8.7,5109,184,147.2
Apex City Of London Hotel,City of London,8.9,2920,179,143.2
Henley House Hotel,Kensington and Chelsea,8.2,1614,96,76.8
DoubleTree By Hilton London Excel,Newham,8,5254,93,74.4
The Gyle,Camden,8.3,2841,189,151.2
Hilton London Bankside,Southwark,8.8,2477,220,176
Sonder The Henry,Westminster,8.1,3368,127,101.6
Doubletree By Hilton London Kensington,Kensington and Chelsea,7.3,2452,181,144.8
"Hart Shoreditch Hotel London, Curio Collection by Hilton",Hackney,8.9,1753,162,129.6
The Cleveland,Westminster,8.2,2823,145,116
Washington Mayfair Hotel,Westminster,7.1,1136,237,189.6
Hyde Park Green,Westminster,7.5,1861,107,85.6
art'otel London Hoxton,Hackney,9.4,1519,294,235.2
"Hotel Indigo London Tower Hill, an IHG Hotel",City of London,8.5,488,127,101.6
Hotel La Place,Westminster,7.9,1101,217,173.6
Park Grand Paddington Court,Westminster,7.1,8890,126,100.8
Courtyard by Marriott London City Airport,Newham,8.6,3947,80,64
The Clerk & Well Pub and Rooms,Camden,8.7,727,194,155.2
The Bailey's Hotel London Kensington,Kensington and Chelsea,8.1,3055,154,123.2
"Holiday Inn London - Whitechapel, an IHG Hotel",Tower Hamlets,8.2,1940,122,97.6
Aptel East,Tower Hamlets,8.5,2531,107,85.6
YOTELPAD London Stratford,Newham,8.9,174,77,61.6
Nottingham Place Hotel,Westminster,7.8,27,230,184
Hotel Xenia - Autograph Collection,Kensington and Chelsea,8.6,145,134,107.2
Millennium Hotel London Knightsbridge,Kensington and Chelsea,6.7,3186,168,134.4
NOX Kensington,Kensington and Chelsea,7.5,3260,59,47.2
DoubleTree by Hilton Hotel London - Tower of London,City of London,7.8,8673,132,105.6
MSK Hotel 82,Westminster,7.8,3050,110,88
Nevern Place by Supercity Aparthotels,Kensington and Chelsea,8.2,164,175,140
Novotel London Tower Bridge,City of London,8.6,4181,145,116
Seraphine Hammersmith Hotel,Hammersmith and Fulham,7.9,3271,80,64
Hotel Shepherds Bush London,Hammersmith and Fulham,7.9,2160,92,73.6
Thistle London Holborn,Camden,7.9,3523,145,116
Grange Beauchamp Hotel,Camden,7.3,1651,165,132
"Crowne Plaza London Kings Cross, an IHG Hotel",Islington,7.8,5018,147,117.6
Novotel London Bridge,Southwark,8.5,3382,136,108.8
MSK Superior,Westminster,7.6,2030,110,88
The Tophams Hotel,Westminster,8.1,2200,181,144.8
Hapimag Apartments London,Westminster,9.1,142,296,236.8
Novotel London Wembley,Brent,8.4,4924,93,74.4
Novotel London Waterloo,Lambeth,8,2817,156,124.8
Copthorne Tara Hotel London Kensington,Kensington and Chelsea,7,10050,85,68
H10 London Waterloo,Southwark,8.5,4015,250,200
Mercure London Bloomsbury Hotel,Camden,7.3,1249,158,126.4
Mercure London Bridge,Southwark,8.1,1235,135,108
54 Queen's Gate Hotel,Kensington and Chelsea,8.7,2737,234,187.2
Simply Rooms & Suites,Hammersmith and Fulham,7.1,1316,79,63.2
Hyatt House London Stratford - Aparthotel,Newham,8.8,1262,161,128.8
The Resident Covent Garden,Westminster,9.2,1780,238,190.4
Novotel London Excel,Newham,8.1,4721,108,86.4
Native Hyde Park,Westminster,7.6,1214,139,111.2
The Bull and The Hide,City of London,8,851,185,148
The Mitre by Innkeeper's Collection,Greenwich,8.5,1976,98,78.4
The Bryson Hotel,Camden,7.4,153,127,101.6
Citadines Islington London,Islington,8.8,1620,169,135.2
The Kings Head Hotel,Ealing,7.3,1646,75,60
44 Curzon Street by Mansley,Westminster,8.4,339,164,131.2
room2 London Hammersmith Townhouse,Hammersmith and Fulham,8.3,565,105,84
The Leonard Hotel,Westminster,7.7,1577,158,126.4
Chilworth Court,Westminster,8.3,388,229,183.2
NOX Golders Green,Barnet,8.2,2949,53,42.4
Room Home Stay,City of London,7.5,1120,114,91.2
Staunton Hotel - B&B,Camden,8.4,1409,161,128.8
Cheval Harrington Court at South Kensington,Kensington and Chelsea,9.3,459,222,177.6
Hatton Garden Hotel,Camden,8,2451,116,92.8
"Inhabit Southwick Street, a Member of Design Hotels",Westminster,8,5811,189,151.2
The Caesar Hotel,Westminster,8.2,2042,159,127.2
Tower Residences by Blue Orchid,City of London,8.5,505,135,108
City Prime Apartments,Kensington and Chelsea,9,1479,180,144
Britannia International Hotel Canary Wharf,Tower Hamlets,5.7,21850,79,63.2
The Rembrandt,Kensington and Chelsea,8.2,2418,175,140
Vancouver Hotel and Studios,Westminster,8.6,1911,115,92
Collingham Serviced Apartments,Kensington and Chelsea,8.8,548,219,175.2
Hampton By Hilton London City,Tower Hamlets,8.5,3131,102,81.6
YHA London St Paul's,City of London,7.8,1375,50,40
Hazlitt's,Westminster,9.1,899,299,239.2
The Rookery,Islington,9.2,903,289,231.2
Numa London Bloomsbury,Camden,8.1,662,168,134.4
ARK Wembley,Brent,8.4,949,111,88.8
The Sumner Hotel,Westminster,7.5,925,113,90.4
Great River Thames View Entire Apartment in The Most Central London,Southwark,7.7,86,203,162.4
Arch Hotel,Islington,7,2499,91,72.8
The Fitzrovia Belle Hotel,Camden,8.1,867,165,132
NOX Olympia,Kensington and Chelsea,7.1,1186,59,47.2
Safestay London Elephant & Castle,Southwark,7.1,7847,58,46.4
Gainsborough Hotel,Kensington and Chelsea,7.9,3719,139,111.2
Grange Clarendon Hotel,Camden,7.1,2021,165,132
The House on Warwick,Westminster,7.6,2008,99,79.2
Axiom Park Hotel,Wandsworth,6.1,2918,86,68.8
La Suite West - Hyde Park,Westminster,7.9,2323,149,119.2
"Crowne Plaza London - Docklands, an IHG Hotel",Newham,8.1,4569,101,80.8
SACO Holborn – Lamb’s Conduit St,Camden,8.3,631,149,119.2
room2 London Chiswick Hometel,Hounslow,9.2,1900,116,92.8
Montagu Place Hotel,Westminster,7.8,499,190,152
"Native Kings Wardrobe, St Pauls",City of London,9.2,208,184,147.2
Belgravia Apartments,Westminster,8.5,337,135,108
"voco London Marylebone, an IHG Hotel",Westminster,7.8,2605,200,160
Citadines Holborn - Covent Garden London,Camden,8.5,219,162,129.6
1 Craven Hill Gardens,Westminster,8.2,4533,89,71.2
New Road Hotel,Tower Hamlets,7.9,2960,94,75.2
Leman Locke,Tower Hamlets,8.8,757,152,121.6
The Pilgrm,Westminster,7.7,2574,139,111.2
Radisson RED London Greenwich The O2,Greenwich,7.1,891,78,62.4
"Holiday Inn London Camden Lock, an IHG Hotel",Camden,8.2,4911,170,136
Sydney House Chelsea,Kensington and Chelsea,7.9,663,134,107.2
Hyde Park Executive Apartments,Westminster,6.2,1931,115,92
Hotel du Vin Cannizaro House Wimbledon,Merton,8,1293,123,98.4
Native Bankside,Southwark,8.8,1742,168,134.4
"Radisson Blu Hotel, London Marble Arch - formerly Sussex",Westminster,7.3,2820,143,114.4
"Lincoln Plaza Hotel London, Curio Collection By Hilton",Tower Hamlets,8.5,159,150,120
Putney Hotel; BW Signature Collection,Wandsworth,6.5,252,90,72
The Belgrave Hotel,Westminster,8.6,5662,130,104
COVE Cannon Street,City of London,9.1,852,167,133.6
Shepherds Bush Green Serviced Apartments by Concept Apartments,Hammersmith and Fulham,8.1,1301,73,58.4
Grand Hotel Bellevue London,Westminster,8.4,82,206,164.8
No1 The Mansions By Mansley,Kensington and Chelsea,8.7,536,240,192
Blackbird,Kensington and Chelsea,9.1,1098,161,128.8
Malmaison London,Islington,8.1,1318,161,128.8
AKA Marylebone,Westminster,8.3,15,436,348.8
Cove Landmark Pinnacle,Tower Hamlets,8.9,776,109,87.2
St Paul's Hotel,Hammersmith and Fulham,8.5,1951,170,136
"The Crown London, WorldHotels Distinctive",Barnet,7.1,4036,89,71.2
"Holiday Inn London West, an IHG Hotel",Ealing,8,3357,103,82.4
The Zetter Clerkenwell,Islington,8.6,173,176,140.8
YHA London Central,Westminster,8.2,4272,90,72
The Harrington - Gloucester Road - 4 Cornwall Gardens,Kensington and Chelsea,9,12,540,432
"Holiday Inn London Oxford Circus, an IHG Hotel",Westminster,6.7,1654,164,131.2
The Colonnade,Westminster,4.3,1572,81,64.8
Peckham Rooms Hotel by Belvilla,Southwark,7,1999,70,56
Great St Helen Hotel,City of London,7.5,1864,124,99.2
The Portobello Serviced Apartments by StayPrime,Kensington and Chelsea,8,1335,96,76.8
The Victoria,Richmond upon Thames,8.1,225,115,92
Sale Place Serviced Apartments by Concept Apartments,Westminster,8.2,652,108,86.4
The Portobello Hotel,Kensington and Chelsea,8.6,371,302,241.6
Meliá London Kensington Member of Meliá Collection,Kensington and Chelsea,8.2,713,220,176
YHA London Earl's Court,Kensington and Chelsea,8.4,2846,50,40
Golders Green Serviced Apartments by Concept Apartments,Barnet,8.2,317,89,71.2
The Crown & Greyhound by Innkeeper's Collection,Southwark,8.2,1176,107,85.6
Marlin Apartments Commercial Road - Limehouse,Tower Hamlets,8.6,693,107,85.6
Bloomsbury Palace Hotel,Camden,6.6,3257,112,89.6
The Pillar Hotel,Barnet,7.8,314,250,200
West Hampstead Serviced Apartments by Concept Apartments,Camden,8.4,737,88,70.4
Hotel Cavendish,Camden,6.5,2250,116,92.8
Safestay London Kensington Holland Park,Kensington and Chelsea,6.5,6278,56,44.8
No. 30 Knightsbridge,Kensington and Chelsea,8.7,26,600,480
12 London Street Apartments,Westminster,6.2,83,134,107.2
Grand Plaza Serviced Apartments,Westminster,7.8,6318,128,102.4
Ashburn Court Apartments,Kensington and Chelsea,8.4,256,169,135.2
Phoenix Hotel,Westminster,8.2,5906,162,129.6
Marrable's Farringdon Hotel,Islington,8.2,1085,152,121.6
No.5 Maddox Street,Westminster,8.4,662,361,288.8
Grand Bleu - London - Next to Piccadilly Line Tube Station & Brand New Facilities,Ealing,6,48,136,108.8
The Zetter Marylebone,Westminster,8.4,218,284,227.2
Regent's Park & Baker Street Modern Apartments!,Westminster,2.5,2,290,232
Grange Buckingham Hotel,Camden,7.5,402,165,132
Finsbury Park Studios,Islington,8.4,62,112,89.6
Notting Hill House,Kensington and Chelsea,8,409,180,144
Nightingale Suites,Wandsworth,9.8,37,260,208
Zedwell Piccadilly Circus,Westminster,7.4,39812,108,86.4
The Dilly,Westminster,8.2,9788,207,165.6
Ellen Kensington,Kensington and Chelsea,7.7,174,120,96
Ruby Stella Hotel London,Camden,8.9,137,117,93.6
easyHotel Victoria,Westminster,5.9,6317,45,36
The Beaumont Mayfair,Westminster,9.4,330,595,476
St. Pancras Renaissance Hotel London,Camden,8,2194,247,197.6
"art'otel London Battersea Power Station, Powered by Radisson Hotels",Wandsworth,8.8,3014,224,179.2
The Londoner,Westminster,9.1,5868,416,332.8
Megaro Hotel,Camden,8.3,2697,209,167.2
Rubens At The Palace,Westminster,8.6,4344,263,210.4
NYX Hotel London Holborn by Leonardo Hotels,Camden,8.4,9509,171,136.8
Nobu Hotel London Shoreditch,Hackney,8.6,1764,249,199.2
Vintry & Mercer Hotel - Small Luxury Hotels of the World,City of London,9.3,3320,252,201.6
2 Chesham Hotel,Kensington and Chelsea,9,122,330,264
Leicester House Hotel,Westminster,8.8,222,205,164
Corinthia London,Westminster,9.3,484,786,628.8
Royal Garden Hotel,Kensington and Chelsea,8.6,1923,198,158.4
Gunmakers,Westminster,8.6,823,160,128
"The May Fair, A Radisson Collection Hotel, Mayfair London",Westminster,8.1,5277,331,264.8
"Montcalm Piccadilly Townhouse, London West End",Westminster,8.3,6021,212,169.6
The Bloomsbury Hotel,Camden,8.9,956,284,227.2
"Radisson Blu Hotel, London Leicester Square - formerly Hampshire",Westminster,8.2,3780,244,195.2
InterContinental London - The O2,Greenwich,8.8,11680,160,128
The Pelham London - Starhotels Collezione,Kensington and Chelsea,8.3,933,208,166.4
Howard Winchester Hotel,Camden,8,4236,105,84
The Marylebone Hotel,Westminster,8.3,1089,300,240
The LaLit London,Southwark,8.6,2801,198,158.4
Sea Containers London,Southwark,8.8,8697,239,191.2
Tower Suites by Blue Orchid,City of London,8.6,4939,116,92.8
"Shangri-La The Shard, London",Southwark,9,2235,565,452
The Landmark London,Westminster,8.8,4368,432,345.6
Rosewood London,Camden,9.2,1669,630,504
The Hari London,Kensington and Chelsea,8.8,765,420,336
Milestone Hotel Kensington,Kensington and Chelsea,9.4,1390,464,371.2
The Exhibitionist Hotel,Kensington and Chelsea,8.5,3903,179,143.2
"Radisson Blu Hotel, London Mercer Street",Camden,8.7,4110,239,191.2
"Montcalm Chilworth Townhouse, Paddington",Westminster,7.7,9079,148,118.4
The Pride of Paddington,Westminster,8.2,748,90,72
London Hilton on Park Lane,Westminster,7.8,1500,336,268.8
The Mayfair Townhouse - an Iconic Luxury Hotel,Westminster,8.4,1506,313,250.4
"100 Queen’s Gate Hotel London, Curio Collection by Hilton",Kensington and Chelsea,7.9,2912,157,125.6
"Montcalm Royal London House, London City",Islington,8.4,10123,213,170.4
Virgin Hotels London - Shoreditch,Hackney,8.6,1330,230,184
Argyle Apart Hotel,Islington,8.1,1632,75,60
"Haymarket Hotel, Firmdale Hotels",Westminster,9.3,359,546,436.8
Studio 64,Hackney,8,983,66,52.8
Prince of Wales - Townhouse,Hammersmith and Fulham,8.2,1171,113,90.4
White House Hotel,Westminster,6.8,5404,60,48
Broadwick Soho,Westminster,9.4,217,496,396.8
Rafayel Hotel & Spa,Wandsworth,7.7,2380,159,127.2
"The Berkeley, Maybourne Hotel Collection",Westminster,9.2,216,1020,816
The Savoy,Westminster,9.4,2011,665,532
Haven Hotel,Westminster,7.1,3464,59,47.2
Sofitel London St James,Westminster,9.1,1267,428,342.4
The Academy - Small Luxury Hotels of the World,Camden,8.1,2867,206,164.8
The Kings Arms Pub & Boutique Rooms,Westminster,9.3,1270,220,176
The Royal Foundation of St Katharine,Tower Hamlets,8.5,2473,117,93.6
"The Stratford, Autograph Collection",Newham,8.6,2954,204,163.2
London Marriott Hotel County Hall,Lambeth,8.5,803,319,255.2
Middle Eight - Covent Garden - Preferred Hotels and Resorts,Camden,8.9,4844,254,203.2
Hyatt Regency London Blackfriars,City of London,8.3,345,272,217.6
"Mandarin Oriental Mayfair, London",Westminster,8.5,13,950,760
Pan Pacific London,City of London,9.5,3147,395,316
The Gateway Hotel,Wandsworth,8.3,2998,80,64
Spread Eagle,Wandsworth,9.1,718,99,79.2
The Dorchester - Dorchester Collection,Westminster,9,241,786,628.8
The Kensington Hotel,Kensington and Chelsea,8.7,467,284,227.2
Sheraton Grand London Park Lane,Westminster,8.1,918,322,257.6
Camden Enterprise Hotel,Camden,8.4,3387,133,106.4
Chateau Denmark London,Westminster,8.8,1150,375,300
Home Grown - Private Member's Club,Westminster,8.4,425,423,338.4
The Standard London,Camden,8.6,2239,219,175.2
"Montcalm Brewery, London City",City of London,7.3,5787,179,143.2
Hotel Cafe Royal,Westminster,9.3,551,560,448
The Waterman's Arms,Tower Hamlets,8.6,960,160,128
Coach & Horses Hotel,Richmond upon Thames,8.9,1142,100,80
"Ham Yard Hotel, Firmdale Hotels",Westminster,9.4,94,600,480
Jumeirah Lowndes London,Kensington and Chelsea,8,650,301,240.8
"The Park Tower Knightsbridge, a Luxury Collection Hotel, London",Westminster,7.4,1163,328,262.4
The Franklin London - Starhotels Collezione,Kensington and Chelsea,8,516,315,252
Althoff St James's Hotel & Club London,Westminster,8.2,582,302,241.6
"The Capital Hotel, Apartments & Townhouse",Kensington and Chelsea,8.4,1244,250,200
"The Connaught, Maybourne Hotel Collection",Westminster,9.3,173,840,672
The Ned,City of London,8.5,903,360,288
The Duchess Belle Hotel,Wandsworth,9.1,119,126,100.8
"Claridge's, Maybourne Hotel Collection",Westminster,9.5,524,1020,816
The Mandrake,Westminster,8.4,638,405,324
The City of London Club,City of London,9,447,148,118.4
Orlando hotel,Hammersmith and Fulham,6.7,510,46,36.8
"The Trafalgar St. James, London Curio collection by Hilton",Westminster,8.6,1069,331,264.8
Conrad London St James,Westminster,8.8,956,285,228
ME London by Melia - Covent Garden,Westminster,8.4,1352,357,285.6
Jumeirah Carlton Tower London,Kensington and Chelsea,8.8,224,706,564.8
Victoria Inn,Southwark,8.4,865,81,64.8
"InterContinental London Park Lane, an IHG Hotel",Westminster,8.2,603,288,230.4
Park Hyatt London River Thames,Wandsworth,10,3,472,377.6
The Prince Akatoki London,Westminster,8.9,1463,306,244.8
The Alma Hotel,Wandsworth,8.8,654,129,103.2
The Langham London,Westminster,9.1,1039,455,364
The BoTree - Preferred Hotels and Resorts,Westminster,9.1,1064,401,320.8
"Knightsbridge Hotel, Firmdale Hotels",Kensington and Chelsea,9.1,510,420,336
Sanderson London,Westminster,8.2,2633,297,237.6
Canary Riverside Plaza Hotel,Tower Hamlets,8.4,1004,291,232.8
Mayfair House,Westminster,8.1,365,322,257.6
Town Hall Hotel - Shoreditch,Tower Hamlets,8.2,1570,189,151.2
Corus Hyde Park Hotel,Westminster,6.7,5860,114,91.2
Trinity House Hotel,Waltham Forest,7.8,523,74,59.2
Cheval Three Quays at The Tower of London,City of London,9.4,665,321,256.8
The Hurdwick,Camden,7.6,1499,117,93.6
Egerton House,Kensington and Chelsea,9.4,844,401,320.8
"Andaz London Liverpool Street, By Hyatt",City of London,8.5,820,276,220.8
W London,Westminster,8.6,629,384,307.2
JW Marriott Grosvenor House London,Westminster,8.1,1107,442,353.6
COMO Metropolitan London,Westminster,8.6,574,365,292
The Athenaeum Hotel & Residences,Westminster,8.5,885,349,279.2
The Black Lion Pub & Boutique Guesthouse,Camden,9.2,354,183,146.4
St Martins Lane London,Westminster,8.7,4814,305,244
Cheval Phoenix House at Sloane Square,Kensington and Chelsea,9.2,101,280,224
"Inhabit Queen's Gardens, a Member of Design Hotels",Westminster,8.3,7327,179,143.2
Hootananny Hostel,Lambeth,7.2,2031,33,26.4
"Great Northern Hotel, A Tribute Portfolio Hotel, London",Camden,8.1,695,229,183.2
"Brown's Hotel, a Rocco Forte Hotel",Westminster,9.1,158,735,588
The Pilot Inn,Greenwich,8.7,1542,197,157.6
THE KNIGHT OF NOTTINGHILL,Kensington and Chelsea,8,180,190,152
Tulse Hill Hotel,Lambeth,8,762,90,72
Dockers Inn,Tower Hamlets,8.3,1182,107,85.6
Seven Dials Hotel,Camden,7.4,4124,85,68
Hyatt Regency London - The Churchill,Westminster,8.5,2118,365,292
Courthouse Hotel London,Westminster,7.1,1451,246,196.8
The Crown Rooms,Greenwich,8.6,566,90,72
45 Park Lane - Dorchester Collection,Westminster,9.4,52,850,680
Marldon Olympia Hotel,Hammersmith and Fulham,8.3,207,70,56
Wombat's City Hostel London,Tower Hamlets,8.5,7625,96,76.8
The Laslett,Kensington and Chelsea,8.6,607,295,236
"Kimpton - Fitzroy London, an IHG Hotel",Camden,8.8,1923,275,220
The Ampersand Hotel - Small Luxury Hotels of the World,Kensington and Chelsea,8.9,2483,229,183.2
"Dorset Square Hotel, Firmdale Hotels",Westminster,8.6,319,402,321.6
The Westin London City,City of London,8.8,930,312,249.6
The Ritz London,Westminster,9.5,490,900,720
Nobu Hotel London Portman Square,Westminster,8.5,1675,356,284.8
The Biltmore Mayfair,Westminster,8.9,805,451,360.8
The Guardsman - Preferred Hotels and Resorts,Westminster,8.9,1786,252,201.6
L'oscar London,Camden,9.3,312,446,356.8
Montcalm Brewery Townhouse,Islington,7.7,4632,179,143.2
Redchurch Townhouse,Tower Hamlets,9.2,404,270,216
Acacia Hotel,Kensington and Chelsea,7.8,645,99,79.2
The Coach,Islington,8.2,385,200,160
The Brewers Inn,Wandsworth,8.7,839,105,84
"The Wellesley, a Luxury Collection Hotel, Knightsbridge, London",Westminster,8.9,50,730,584
Bulgari Hotel London,Westminster,9.2,213,886,708.8
easyHotel London City Shoreditch,Islington,6.8,2634,68,54.4
Four Seasons Hotel London at Park Lane,Westminster,9.1,257,977,781.6
"PubLove @ The Steam Engine,Waterloo",Lambeth,7.5,3747,84,67.2
London Marriott Hotel Grosvenor Square,Westminster,8,490,330,264
NoMad London,Westminster,9.2,955,471,376.8
The Ship Rooms,Lambeth,8.4,1269,110,88
Raffles London at The OWO,Westminster,9.5,82,789,631.2
London Marriott Hotel Park Lane,Westminster,8.6,683,401,320.8
Three Falcons,Westminster,8.4,1385,198,158.4
The Walrus Bar and Hostel,Lambeth,7.5,3046,93,74.4
"Montcalm East, Autograph Collection",Hackney,8.7,3928,220,176
Monopoly,Tower Hamlets,7.4,1049,72,57.6
Flemings Mayfair - Small Luxury Hotel of the World,Westminster,8.6,719,362,289.6
Prime Backpackers Angel,Islington,7.8,2415,94,75.2
The Green W7,Ealing,8.5,991,105,84
Kip Hotel,Hackney,7.2,4500,84,67.2
European Hotel,Camden,5.9,5403,70,56
"Threadneedles, Autograph Collection",City of London,8.3,270,239,191.2
COMO The Halkin,Westminster,9.1,267,433,346.4
The Station Hotel,Lewisham,8.4,630,85,68
Batty Langley's,Tower Hamlets,9.3,933,259,207.2
Bentley London,Kensington and Chelsea,7.2,357,237,189.6
The Chelsea Townhouse by Iconic Luxury Hotels,Kensington and Chelsea,8.8,290,524,419.2
The Bull & Last,Camden,9,175,190,152
Wembar Hotel,Kensington and Chelsea,6.4,553,55,44
Westminster Inn,Westminster,8,105,160,128
Wesferry beds to stay,Tower Hamlets,7.7,382,50,40
The London EDITION,Westminster,8.5,176,382,305.6
The Chelsea Harbour Hotel and Spa,Hammersmith and Fulham,7,1978,156,124.8
London City Airport Hotel,Newham,7.3,3202,77,61.6
St Johns Boutique Hotel,Westminster,7.3,772,147,117.6
Counting House,City of London,8.8,1330,197,157.6
The Level at Melia White House,Camden,8.3,246,237,189.6
The Adria,Kensington and Chelsea,9.1,641,303,242.4
Karma Sanctum Soho Hotel,Westminster,8.2,563,314,251.2
Half Moon,Southwark,8.9,1078,143,114.4
Amber Residence Hotel-Suites,Westminster,7.6,604,116,92.8
The Bedford Balham - Live Music Venue,Wandsworth,8.3,1054,129,103.2
Hand & Flower,Hammersmith and Fulham,8.3,819,130,104
"Mandarin Oriental Hyde Park, London",Westminster,9,346,975,780
Admiral Hardy,Greenwich,8.7,825,129,103.2
Dover Castle Hostel,Southwark,7.5,4665,29,23.2
The Belgrove Hotel,Camden,5.9,5519,67,53.6
The Wolfpack Inn,Hammersmith and Fulham,8.1,765,147,117.6
Argyle Square Hotel,Camden,6.7,2242,78,62.4
Prince Regent Hotel Excel London,Newham,7.7,1710,65,52
"The Soho Hotel, Firmdale Hotels",Westminster,9.5,409,486,388.8
Cheval Gloucester Park at Kensington,Kensington and Chelsea,9.5,202,449,359.2
The Goring,Westminster,9.2,237,592,473.6
Royal Lancaster London,Westminster,9,5719,332,265.6
1 Hotel Mayfair,Westminster,9,510,440,352
"The Emory, Maybourne Hotel Collection",Westminster,8.9,11,1296,1036.8
Aragon House,Hammersmith and Fulham,8.7,458,155,124
Ruby Zoe Hotel London,Kensington and Chelsea,8.8,1951,133,106.4
Burren London Hotel,Brent,7.9,674,68,54.4
Boundary Shoreditch,Hackney,8.5,342,229,183.2
Carlton Hotel,Camden,5.9,5316,81,64.8
The Bridge Pub & Rooms,Richmond upon Thames,8.6,831,95,76
Magda Boutique Rooms,Westminster,8.9,339,275,220
Astor Kensington Hostel,Westminster,7.5,2516,130,104
Barmy Badger Backpackers,Kensington and Chelsea,8.2,1431,61,48.8
London Marriott Hotel Canary Wharf,Tower Hamlets,8.2,1607,211,168.8
Cheval Thorney Court at Hyde Park,Kensington and Chelsea,9.3,159,417,333.6
60 Hyde Park Gate Hotel,Kensington and Chelsea,8.6,767,284,227.2